{
    "Agent": {
        "total": 1.1206331253051758
    },
    "Env": {
        "apply_act": 0.5627169609069824,
        "observation_computation": 0.3443279266357422,
        "powerflow_computation": 0.28739118576049805,
        "total": 1.1944360733032227
    },
    "total": 2.5945868492126465
}