{
    "Agent": {
        "total": 2.4180688858032227
    },
    "Env": {
        "apply_act": 0.5329239368438721,
        "observation_computation": 0.33106112480163574,
        "powerflow_computation": 0.2858560085296631,
        "total": 1.149841070175171
    },
    "total": 3.840519905090332
}