{
    "Agent": {
        "total": 0.5045225001085782
    },
    "Env": {
        "apply_act": 1.9868522999167908,
        "observation_computation": 0.33943019992875634,
        "powerflow_computation": 3.4744001999424654,
        "total": 5.8006826997880125
    },
    "total": 6.376147399998445
}