{
    "Agent": {
        "total": 0.5156062000241945
    },
    "Env": {
        "apply_act": 2.0100347999177757,
        "observation_computation": 0.34721449994685827,
        "powerflow_computation": 3.5738898000199697,
        "total": 5.931139099884604
    },
    "total": 6.518275300004461
}