{
    "Agent": {
        "total": 0.01933650000137277
    },
    "Env": {
        "apply_act": 0.0809357999896747,
        "observation_computation": 0.012311400001635775,
        "powerflow_computation": 0.14940389998810133,
        "total": 0.2426510999794118
    },
    "total": 0.26510559999587713
}