{
    "Agent": {
        "total": 0.2786137999937637
    },
    "Env": {
        "apply_act": 1.1304375999898184,
        "observation_computation": 0.19141219997982262,
        "powerflow_computation": 1.9048673999786843,
        "total": 3.2267171999483253
    },
    "total": 3.5441847999973106
}