{
    "Agent": {
        "total": 3.9130940437316895
    },
    "Env": {
        "apply_act": 0.07389020919799805,
        "observation_computation": 0.02200484275817871,
        "powerflow_computation": 0.054270029067993164,
        "total": 0.15016508102416992
    },
    "total": 4.116975784301758
}