{
    "Agent": {
        "total": 1.3754069805145264
    },
    "Env": {
        "apply_act": 0.1200108528137207,
        "observation_computation": 0.07698917388916016,
        "powerflow_computation": 0.057016849517822266,
        "total": 0.2540168762207031
    },
    "total": 1.6924498081207275
}