{
    "Agent": {
        "total": 7.753009796142578
    },
    "Env": {
        "apply_act": 0.3686943054199219,
        "observation_computation": 0.20807909965515137,
        "powerflow_computation": 0.19316768646240234,
        "total": 0.7699410915374756
    },
    "total": 8.719260454177856
}