{
    "Agent": {
        "total": 1.9622927999985222
    },
    "Env": {
        "apply_act": 0.3942246999995973,
        "observation_computation": 0.3952008999989971,
        "powerflow_computation": 0.22679000000010774,
        "total": 1.0162155999987021
    },
    "total": 3.187579200000016
}