{
    "Agent": {
        "total": 0.03415460000542225
    },
    "Env": {
        "apply_act": 0.12718110001151217,
        "observation_computation": 0.021010899981774855,
        "powerflow_computation": 0.22619649999251124,
        "total": 0.37438849998579826
    },
    "total": 0.413585400005104
}