{
    "Agent": {
        "total": 0.011001825332641602
    },
    "Env": {
        "apply_act": 0.05309295654296875,
        "observation_computation": 0.06273388862609863,
        "powerflow_computation": 0.0542750358581543,
        "total": 0.17010188102722168
    },
    "total": 0.30804967880249023
}